,cluster_id,box_id,symbol,issuer,asof,ttm,rating,sector_abbr
130,1,81,IVL28OA,IVL,2019-01-09,9.783561644,AA-,PETRO
401,2,36,KTC288A,KTC,2019-01-09,9.605479452,A+,FIN
552,2,27,LALIN213B,LALIN,2019-01-09,2.205479452,BBB+,PROP
761,2,41,MJD203A,MJD,2019-01-09,1.2109589040000002,BB+,PROP
907,2,79,ORI19NA,ORI,2019-01-09,0.81369863,BBB-,PROP
1128,1,24,SCC214A,SCC,2019-01-09,2.224657534,A+,CONMAT
1271,1,45,THAI19DA,THAI,2019-01-09,0.95890411,A,TRANS
1414,1,45,THAI212A,THAI,2019-01-09,2.079452055,A,TRANS
1557,1,50,THAI22OA,THAI,2019-01-09,3.753424658,A,TRANS
1700,1,35,THAI24DA,THAI,2019-01-09,5.964383562,A,TRANS
1920,4,62,TTCL211A,TTCL,2019-01-09,2.016438356,BBB-,CONS
2060,2,27,UV236A,UV,2019-01-09,4.449315069,BBB+,PROP
3020,1,44,A194A,A,2019-01-09,0.221917808,BB,PROP
3251,1,80,IVL24DA,IVL,2019-01-09,5.931506849,AA-,PETRO
3394,3,16,MINT205A,MINT,2019-01-09,1.3643835619999998,A,FOOD
3546,1,24,SCC20NA,SCC,2019-01-09,1.810958904,A+,CONMAT
3689,2,38,SPCG23DA,SPCG,2019-01-09,4.934246575,A,ENERG
3832,1,45,THAI198A,THAI,2019-01-09,0.597260274,A,TRANS
3975,1,50,THAI229A,THAI,2019-01-09,3.723287671,A,TRANS
4213,3,15,THANI20NB,THANI,2019-01-09,1.852054795,A-,FIN
4400,0,2,TU21OA,TU,2019-01-09,2.7479452060000003,A+,FOOD
4554,1,55,WHA197C,WHA,2019-01-09,0.550684932,A-,PROP
4703,1,26,AH20OA,AH,2019-01-09,1.739726027,BBB+,AUTO
4988,0,11,BJC199A,BJC,2019-01-09,0.6575342470000001,A+,COMM
5136,0,11,BJC223A,BJC,2019-01-09,3.2027397260000003,A+,COMM
5345,0,52,CPF235A,CPF,2019-01-09,4.339726027,A+,FOOD
5570,2,72,JMART19NB,JMART,2019-01-09,0.854794521,BBB,ICT
5708,2,36,KTC259A,KTC,2019-01-09,6.687671233,A+,FIN
5859,2,36,KTC26NA,KTC,2019-01-09,7.884931507,A+,FIN
6087,2,93,PF214B,PF,2019-01-09,2.295890411,BB+,PROP
6238,2,13,PTTC222A,PTTC,2019-01-09,3.1287671230000003,AAA,ENERG
6376,2,37,QH20NA,QH,2019-01-09,1.865753425,A-,PROP
6530,2,30,SC209A,SC,2019-01-09,1.7095890409999999,BBB+,PROP
6678,3,90,SPALI209A,SPALI,2019-01-09,1.652054795,A,PROP
6819,3,78,TCAP20NA,TCAP,2019-01-09,1.849315069,A+,BANK
6975,1,0,THCOM19OB,THCOM,2019-01-09,0.7260273970000001,A-,ICT
7116,1,55,WHA20OA,WHA,2019-01-09,1.775342466,A-,PROP
7264,1,5,WHA23OA,WHA,2019-01-09,4.775342466000001,A-,PROP
8135,3,31,ASK208A,ASK,2019-01-09,1.583561644,BBB+,FIN
8281,2,18,BANPU207B,BANPU,2019-01-09,1.482191781,A+,ENERG
8417,0,83,BAY19OA,BAY,2019-01-09,0.7945205479999999,AAA,BANK
8813,0,70,CPF28NA,CPF,2019-01-09,9.854794521,A+,FOOD
8961,3,17,CPN21DA,CPN,2019-01-09,2.934246575,AA,PROP
9109,1,43,EA207A,EA,2019-01-09,1.5315068490000001,AA,ENERG
9332,0,1,FNS202A,FNS,2019-01-09,1.120547945,BBB-,FIN
9478,0,1,FNS20NA,FNS,2019-01-09,1.8602739730000002,BBB-,FIN
9666,0,8,JMT21OA,JMT,2019-01-09,2.734246575,BBB,FIN
9814,2,39,KTC212A,KTC,2019-01-09,2.131506849,A+,FIN
10098,0,54,LHFG207A,LHFG,2019-01-09,1.539726027,BBB+,BANK
10236,2,4,MBK284A,MBK,2019-01-09,9.295890411,A,PROP
10387,2,57,MIDA204A,MIDA,2019-01-09,1.287671233,BBB-,COMM
10525,2,41,PRIN202A,PRIN,2019-01-09,1.079452055,BB+,PROP
10867,2,27,SC218A,SC,2019-01-09,2.6164383559999997,BBB+,PROP
11172,3,78,TCAP199A,TCAP,2019-01-09,0.709589041,A+,BANK
11388,1,43,TOP224A,TOP,2019-01-09,3.304109589,AA-,ENERG
11532,0,52,TU24OA,TU,2019-01-09,5.750684932,A+,FOOD
12498,3,31,ASK207A,ASK,2019-01-09,1.490410959,BBB+,FIN
12644,2,12,BANPU25NA,BANPU,2019-01-09,6.843835616000001,A+,ENERG
12875,3,16,CBG216B,CBG,2019-01-09,2.430136986,A-,FOOD
13023,1,86,CK27NA,CK,2019-01-09,8.832876712000001,A-,CONS
13201,1,66,CWT205A,CWT,2019-01-09,1.3671232880000002,BB+,AUTO
13340,1,66,CWT209A,CWT,2019-01-09,1.6438356159999998,BB+,AUTO
13486,2,27,GOLD21DA,GOLD,2019-01-09,2.942465753,BBB+,PROP
13624,2,36,KTC282A,KTC,2019-01-09,9.106849315,A+,FIN
13775,3,88,LH20OA,LH,2019-01-09,1.74520548,A+,PROP
13929,2,4,MBK277A,MBK,2019-01-09,8.528767123,A,PROP
14080,2,4,MBK27NA,MBK,2019-01-09,8.830136986,A,PROP
14231,2,21,MK214A,MK,2019-01-09,2.243835616,BBB,PROP
14478,4,62,SQ216A,SQ,2019-01-09,2.468493151,BBB-,CONS
14699,3,15,THANI206A,THANI,2019-01-09,1.465753425,A-,FIN
15104,2,40,IRPC195A,IRPC,2019-01-09,0.326027397,A-,ENERG
15677,3,46,ACAP209A,ACAP,2019-01-09,1.679452055,BB,FIN
15887,2,37,AP214A,AP,2019-01-09,2.2739726030000003,A-,PROP
16041,0,19,BAY27NB,BAY,2019-01-09,8.857534247,AA+,BANK
16263,1,58,BEM286B,BEM,2019-01-09,9.460273973,A,TRANS
16411,0,73,BJC26DA,BJC,2019-01-09,7.915068493,A+,COMM
16559,3,17,CPN218A,CPN,2019-01-09,2.5780821919999997,AA,PROP
16849,2,33,KTC247A,KTC,2019-01-09,5.4876712329999995,A+,FIN
17489,2,79,SENA222A,SENA,2019-01-09,3.098630137,BBB-,PROP
17703,2,4,AMATA24OA,AMATA,2019-01-09,5.739726027000001,A,PROP
17883,1,86,CK295A,CK,2019-01-09,10.38082192,A-,CONS
18039,3,89,CPALL233A,CPALL,2019-01-09,4.18630137,A-,COMM
18177,3,49,CPALL256A,CPALL,2019-01-09,6.473972602999999,A-,COMM
18397,0,70,CPF281A,CPF,2019-01-09,9.043835616,A+,FOOD
18622,2,72,JMART19NA,JMART,2019-01-09,0.8465753429999999,BBB,ICT
18691,3,74,KGI19NA,KGI,2019-01-09,0.82739726,A-,FIN
18877,2,13,PTTC215A,PTTC,2019-01-09,2.367123288,AAA,ENERG
19015,2,13,PTTC21NB,PTTC,2019-01-09,2.8493150689999998,AAA,ENERG
19153,2,79,RML20DA,RML,2019-01-09,1.936986301,BBB-,PROP
19306,1,7,SCCC244A,SCCC,2019-01-09,5.304109588999999,A,CONMAT
19537,0,9,TMB27NA,TMB,2019-01-09,8.890410959,A+,BANK
19850,4,62,TTCL205B,TTCL,2019-01-09,1.336986301,BBB-,CONS
20826,2,38,BCP238A,BCP,2019-01-09,4.5835616439999995,A,ENERG
20980,0,73,BJC269A,BJC,2019-01-09,7.6630136989999995,A+,COMM
21128,3,16,CBG216A,CBG,2019-01-09,2.430136986,A-,FOOD
21406,3,49,CPALL268A,CPALL,2019-01-09,7.630136986,A-,COMM
21608,2,30,GOLD19NA,GOLD,2019-01-09,0.8684931509999999,BBB+,PROP
21746,1,42,IVL21OC,IVL,2019-01-09,2.778082192,AA-,PETRO
21889,1,80,IVL245A,IVL,2019-01-09,5.317808219,AA-,PETRO
22032,1,81,IVL286A,IVL,2019-01-09,9.416438356,AA-,PETRO
22247,0,19,KBANK264A,KBANK,2019-01-09,7.249315069,AA,BANK
22385,3,15,KCAR223A,KCAR,2019-01-09,3.21369863,A-,FIN
22531,2,4,MBK262A,MBK,2019-01-09,7.134246575,A,PROP
22682,2,37,QH216A,QH,2019-01-09,2.457534247,A-,PROP
22955,2,6,SPCG22DA,SPCG,2019-01-09,3.934246575,A,ENERG
23098,1,45,THAI209A,THAI,2019-01-09,1.723287671,A,TRANS
23241,1,58,THAI28DA,THAI,2019-01-09,9.95890411,A,TRANS
23595,3,15,THANI20NA,THANI,2019-01-09,1.816438356,A-,FIN
23736,3,15,TK208A,TK,2019-01-09,1.605479452,A-,FIN
23893,0,2,TU217B,TU,2019-01-09,2.526027397,A+,FOOD
24402,2,12,BCP258A,BCP,2019-01-09,6.58630137,A,ENERG
24550,1,20,CK225A,CK,2019-01-09,3.367123288,A-,CONS
24706,3,17,CPN20DA,CPN,2019-01-09,1.934246575,AA,PROP
25127,2,41,MJD19DA,MJD,2019-01-09,0.931506849,BB+,PROP
25273,2,93,PF222A,PF,2019-01-09,3.120547945,BB+,PROP
25515,1,24,SCC204A,SCC,2019-01-09,1.224657534,A+,CONMAT
25658,2,79,SENA199A,SENA,2019-01-09,0.717808219,BBB-,PROP
25798,2,79,SENA213A,SENA,2019-01-09,2.197260274,BBB-,PROP
25938,2,38,SGP23DA,SGP,2019-01-09,4.909589041,A,ENERG
26350,3,90,SPALI205A,SPALI,2019-01-09,1.315068493,A,PROP
26491,3,90,SPALI213A,SPALI,2019-01-09,2.1780821919999998,A,PROP
26632,3,15,THANI201A,THANI,2019-01-09,1.002739726,A-,FIN
26773,3,15,THANI20DB,THANI,2019-01-09,1.928767123,A-,FIN
26914,3,15,THANI213A,THANI,2019-01-09,2.205479452,A-,FIN
27357,1,45,BEM214A,BEM,2019-01-09,2.235616438,A,TRANS
27505,2,14,BH21DA,BH,2019-01-09,2.94520548,A+,HELTH
27729,0,2,CPF205A,CPF,2019-01-09,1.339726027,A+,FOOD
27877,0,70,CPF277A,CPF,2019-01-09,8.553424657999999,A+,FOOD
28025,3,17,CPN19NA,CPN,2019-01-09,0.8246575340000001,AA,PROP
28420,1,53,IVL336A,IVL,2019-01-09,14.41917808,AA-,PETRO
28563,0,54,KK203A,KK,2019-01-09,1.1917808220000001,A-,BANK
28718,2,33,KTC23NA,KTC,2019-01-09,4.890410959,A+,FIN
29007,1,5,MBK233A,MBK,2019-01-09,4.183561644,A,PROP
29175,2,41,PF209A,PF,2019-01-09,1.701369863,BB+,PROP
29326,3,90,SPALI199A,SPALI,2019-01-09,0.6575342470000001,A,PROP
29746,3,15,THANI205A,THANI,2019-01-09,1.336986301,A-,FIN
29887,2,12,TOP243A,TOP,2019-01-09,5.17260274,AA-,ENERG
30156,1,58,BTSG289A,BTSG,2019-01-09,9.665753425,A,TRANS
30299,3,16,CBG206A,CBG,2019-01-09,1.430136986,A-,FOOD
30447,1,59,CK217A,CK,2019-01-09,2.539726027,A-,CONS
30603,0,52,CPF257A,CPF,2019-01-09,6.553424658,A+,FOOD
30983,3,15,KGI20NA,KGI,2019-01-09,1.8328767119999998,A-,FIN
31135,2,36,KTC26DA,KTC,2019-01-09,7.97260274,A+,FIN
31401,3,15,PL20NA,PL,2019-01-09,1.882191781,A-,FIN
31719,3,15,THANI212B,THANI,2019-01-09,2.098630137,A-,FIN
32014,0,2,TU217A,TU,2019-01-09,2.54520548,A+,FOOD
32168,0,70,TU271A,TU,2019-01-09,8.030136986,A+,FOOD
32460,1,55,WHA208A,WHA,2019-01-09,1.605479452,A-,PROP
33343,1,44,A20OA,A,2019-01-09,1.726027397,BB,PROP
33844,0,11,BJC21DA,BJC,2019-01-09,2.912328767,A+,COMM
34184,0,2,CPF228A,CPF,2019-01-09,3.5643835619999997,A+,FOOD
34342,1,42,IVL236A,IVL,2019-01-09,4.463013698999999,AA-,PETRO
34485,0,8,JMT20OA,JMT,2019-01-09,1.756164384,BBB,FIN
34633,2,39,KTC20OA,KTC,2019-01-09,1.726027397,A+,FIN
34784,2,33,KTC23DA,KTC,2019-01-09,4.9698630139999995,A+,FIN
34988,2,41,PF206A,PF,2019-01-09,1.394520548,BB+,PROP
35048,2,30,SC191A,SC,2019-01-09,0.04109589,BBB+,PROP
35123,2,30,SC193A,SC,2019-01-09,0.2,BBB+,PROP
35425,2,6,SPCG20DA,SPCG,2019-01-09,1.934246575,A,ENERG
35712,1,50,THAI21DB,THAI,2019-01-09,2.9534246580000003,A,TRANS
35855,1,58,THAI276A,THAI,2019-01-09,8.454794521,A,TRANS
35998,2,37,WHA224A,WHA,2019-01-09,3.2739726030000003,A-,PROP
36928,1,55,AP207A,AP,2019-01-09,1.5232876709999998,A-,PROP
37257,3,31,ASK206A,ASK,2019-01-09,1.4684931509999999,BBB+,FIN
37498,1,42,IVL216A,IVL,2019-01-09,2.410958904,AA-,PETRO
37641,1,80,IVL243A,IVL,2019-01-09,5.178082192,AA-,PETRO
37784,1,81,IVL26OA,IVL,2019-01-09,7.780821917999999,AA-,PETRO
38004,2,39,KTC21NA,KTC,2019-01-09,2.8904109589999996,A+,FIN
38155,2,36,KTC27OA,KTC,2019-01-09,8.778082192000001,A+,FIN
38306,1,5,MBK229B,MBK,2019-01-09,3.695890411,A,PROP
38457,0,70,MINT283A,MINT,2019-01-09,9.18630137,A,FOOD
38614,1,55,QH205A,QH,2019-01-09,1.334246575,A-,PROP
38909,2,6,SPCG21DA,SPCG,2019-01-09,2.934246575,A,ENERG
39052,1,50,THAI224A,THAI,2019-01-09,3.304109589,A,TRANS
39195,1,50,THAI23DA,THAI,2019-01-09,4.953424658,A,TRANS
39338,1,58,THAI288A,THAI,2019-01-09,9.605479452,A,TRANS
39481,3,34,TTA213A,TTA,2019-01-09,2.2,BBB,TRANS
39670,3,46,ACAP207A,ACAP,2019-01-09,1.4876712330000001,BB,FIN
39815,0,19,BAY27NA,BAY,2019-01-09,8.876712329,AA+,BANK
40011,1,58,BEM286A,BEM,2019-01-09,9.460273973,A,TRANS
40626,1,5,MBK229A,MBK,2019-01-09,3.6602739730000002,A,PROP
40858,2,21,MK208A,MK,2019-01-09,1.605479452,BBB,PROP
41009,0,8,MTC215A,MTC,2019-01-09,2.356164384,BBB,FIN
41769,2,12,TOP273A,TOP,2019-01-09,8.202739726,AA-,ENERG
41913,0,52,TU242A,TU,2019-01-09,5.076712328999999,A+,FOOD
42502,2,6,BCP224A,BCP,2019-01-09,3.304109589,A,ENERG
42650,1,48,BEC225A,BEC,2019-01-09,3.389041096,A,MEDIA
42796,1,59,CK215A,CK,2019-01-09,2.3753424659999998,A-,CONS
42952,1,86,CK277A,CK,2019-01-09,8.504109589,A-,CONS
43195,3,15,KCAR208A,KCAR,2019-01-09,1.5671232880000001,A-,FIN
43341,0,54,KK202A,KK,2019-01-09,1.112328767,A-,BANK
43805,0,2,TU212A,TU,2019-01-09,2.0767123290000002,A+,FOOD
44675,1,45,BEM20OA,BEM,2019-01-09,1.7808219180000002,A,TRANS
44823,0,73,BJC25DA,BJC,2019-01-09,6.915068493,A+,COMM
44971,1,59,CK20NA,CK,2019-01-09,1.816438356,A-,CONS
45127,1,20,CK246A,CK,2019-01-09,5.410958904,A-,CONS
45283,0,2,CPF204A,CPF,2019-01-09,1.254794521,A+,FOOD
45685,3,88,LH204B,LH,2019-01-09,1.298630137,A+,PROP
45885,0,1,MDL19NA,MDL,2019-01-09,0.8712328770000001,BBB-,FIN
46031,2,93,PF219A,PF,2019-01-09,2.701369863,BB+,PROP
47143,2,37,AP217A,AP,2019-01-09,2.531506849,A-,PROP
47297,2,6,BCP208A,BCP,2019-01-09,1.583561644,A,ENERG
47445,2,12,BCP273A,BCP,2019-01-09,8.147945206000001,A,ENERG
47704,1,86,CK287A,CK,2019-01-09,9.54520548,A-,CONS
47860,0,77,CPF41DA,CPF,2019-01-09,22.96164384,A+,FOOD
48079,3,88,LH21OA,LH,2019-01-09,2.7369863010000004,A+,PROP
48328,3,15,PL222A,PL,2019-01-09,3.1232876710000004,A-,FIN
48626,3,74,TK199A,TK,2019-01-09,0.64109589,A-,FIN
48839,0,2,TU201A,TU,2019-01-09,1.0246575340000001,A+,FOOD
49138,1,55,WHA204C,WHA,2019-01-09,1.298630137,A-,PROP
49421,2,37,AP222A,AP,2019-01-09,3.079452055,A-,PROP
49721,1,50,BEM236A,BEM,2019-01-09,4.454794521,A,TRANS
49869,0,11,BJC219A,BJC,2019-01-09,2.6602739730000002,A+,COMM
50356,0,8,JMT20DA,JMT,2019-01-09,1.950684932,BBB,FIN
50504,0,9,KK28OA,KK,2019-01-09,9.750684932,A-,BANK
50785,2,36,KTC269A,KTC,2019-01-09,7.704109589,A+,FIN
51037,3,90,MBK207B,MBK,2019-01-09,1.539726027,A,PROP
51511,2,37,QH214A,QH,2019-01-09,2.290410959,A-,PROP
51704,2,30,SC208B,SC,2019-01-09,1.616438356,BBB+,PROP
52004,2,30,UV205A,UV,2019-01-09,1.34520548,BBB+,PROP
52152,1,55,WHA204A,WHA,2019-01-09,1.301369863,A-,PROP
52988,2,39,KTC208B,KTC,2019-01-09,1.5945205480000002,A+,FIN
53139,2,33,KTC232A,KTC,2019-01-09,4.104109589,A+,FIN
53290,2,36,KTC262A,KTC,2019-01-09,7.109589041,A+,FIN
53810,2,41,PF201A,PF,2019-01-09,1.0493150690000002,BB+,PROP
54131,3,74,TK199B,TK,2019-01-09,0.6958904109999999,A-,FIN
55256,2,36,KTC27NA,KTC,2019-01-09,8.854794521,A+,FIN
55673,1,55,QH19NA,QH,2019-01-09,0.884931507,A-,PROP
55980,3,15,TK212A,TK,2019-01-09,2.123287671,A-,FIN
56881,1,44,A204A,A,2019-01-09,1.2356164379999999,BB,PROP
57041,1,55,AP201A,AP,2019-01-09,1.032876712,A-,PROP
57785,2,39,KTC218A,KTC,2019-01-09,2.58630137,A+,FIN
58137,3,15,PL209A,PL,2019-01-09,1.7178082190000001,A-,FIN
58404,0,52,TU241A,TU,2019-01-09,5.02739726,A+,FOOD
59752,1,20,CK245A,CK,2019-01-09,5.378082192000001,A-,CONS
60466,2,37,QH20NB,QH,2019-01-09,1.84109589,A-,PROP
60782,0,2,TU221A,TU,2019-01-09,3.02739726,A+,FOOD
61632,1,86,CK283A,CK,2019-01-09,9.164383562000001,A-,CONS
62137,3,88,LH204A,LH,2019-01-09,1.22739726,A+,PROP
62291,3,88,LH20OB,LH,2019-01-09,1.736986301,A+,PROP
62692,1,20,CK235A,CK,2019-01-09,4.375342466,A-,CONS
64096,3,15,PL21NA,PL,2019-01-09,2.832876712,A-,FIN
64983,2,87,SGP192A,SGP,2019-01-09,0.065753425,BBB+,ENERG
65669,1,86,CK27NB,CK,2019-01-09,8.857534247,A-,CONS
67292,1,44,A201A,A,2019-01-09,1.057534247,BB,PROP
67452,1,44,A21OA,A,2019-01-09,2.775342466,BB,PROP
73363,2,30,SIRI194A,SIRI,2019-01-09,0.23013698600000002,BBB+,PROP
83021,1,55,QH194A,QH,2019-01-09,0.287671233,A-,PROP
92452,2,30,ROJNA195A,ROJNA,2019-01-09,0.35342465799999995,BBB+,PROP
98685,2,41,PRIN192A,PRIN,2019-01-09,0.068493151,BB+,PROP
99232,0,83,BAY193A,BAY,2019-01-09,0.136986301,AAA,BANK
100255,2,41,MJD191A,MJD,2019-01-09,0.032876712,BB+,PROP
101643,1,0,TRUE192A,TRUE,2019-01-09,0.109589041,BBB+,ICT
101696,1,0,TRUE192B,TRUE,2019-01-09,0.117808219,BBB+,ICT
107585,2,12,GPSC249A,GPSC,2019-01-09,5.7232876710000005,A+,ENERG
115260,3,16,MINT193A,MINT,2019-01-09,0.17260274,A,FOOD
117516,0,1,JMT196A,JMT,2019-01-09,0.43287671200000005,BBB,FIN
121372,2,39,KTC192A,KTC,2019-01-09,0.128767123,A+,FIN
179685,3,90,SPALI191A,SPALI,2019-01-09,0.052054795,A,PROP
182112,2,30,LALIN196A,LALIN,2019-01-09,0.416438356,BBB+,PROP
219006,3,74,THANI192A,THANI,2019-01-09,0.11506849300000001,A-,FIN
226083,1,55,AP191A,AP,2019-01-09,0.038356164,A-,PROP
245035,1,81,IVL275A,IVL,2019-01-09,8.317808219,AA-,PETRO
245077,0,19,KBANK271A,KBANK,2019-01-09,8.016438356,AA,BANK
245115,3,88,LH215A,LH,2019-01-09,2.323287671,A+,PROP
245156,3,90,MBK207A,MBK,2019-01-09,1.517808219,A,PROP
245193,1,5,MBK227A,MBK,2019-01-09,3.536986301,A,PROP
245233,0,1,MDL209A,MDL,2019-01-09,1.7150684930000002,BBB-,FIN
245272,2,41,MJD197A,MJD,2019-01-09,0.509589041,BB+,PROP
245313,1,24,SCC19NA,SCC,2019-01-09,0.808219178,A+,CONMAT
245354,3,90,SPALI19DA,SPALI,2019-01-09,0.942465753,A,PROP
245394,2,6,SPCG211A,SPCG,2019-01-09,2.0027397259999997,A,ENERG
245435,1,45,THAI208A,THAI,2019-01-09,1.6383561640000002,A,TRANS
245475,1,50,THAI222A,THAI,2019-01-09,3.1041095889999997,A,TRANS
245516,1,50,THAI242A,THAI,2019-01-09,5.079452055,A,TRANS
245556,1,58,THAI282A,THAI,2019-01-09,9.139726027,A,TRANS
245600,2,37,WHA217A,WHA,2019-01-09,2.556164384,A-,PROP
245795,2,12,BANPU27NA,BANPU,2019-01-09,8.843835616,A+,ENERG
245824,0,52,CPF237A,CPF,2019-01-09,4.550684932,A+,FOOD
245849,0,76,CPF314A,CPF,2019-01-09,12.26027397,A+,FOOD
245914,2,36,KTC278A,KTC,2019-01-09,8.567123288,A+,FIN
246764,2,21,MK215A,MK,2019-01-09,2.350684932,BBB,PROP
246788,2,30,SC205A,SC,2019-01-09,1.37260274,BBB+,PROP
246871,2,27,SC212A,SC,2019-01-09,2.065753425,BBB+,PROP
246888,1,55,WHA194A,WHA,2019-01-09,0.298630137,A-,PROP
247002,3,46,ACAP19OA,ACAP,2019-01-09,0.736986301,BB,FIN
247044,3,31,ASK202A,ASK,2019-01-09,1.134246575,BBB+,FIN
247088,0,83,BAY217A,BAY,2019-01-09,2.504109589,AAA,BANK
247128,1,45,BEM196A,BEM,2019-01-09,0.452054795,A,TRANS
247172,1,35,BEM266A,BEM,2019-01-09,7.457534247000001,A,TRANS
247214,0,11,BJC213A,BJC,2019-01-09,2.202739726,A+,COMM
247260,3,29,BJC23DA,BJC,2019-01-09,4.912328767,A+,COMM
247301,1,50,BTSG239A,BTSG,2019-01-09,4.660273973,A,TRANS
247517,2,41,MJD195B,MJD,2019-01-09,0.367123288,BB+,PROP
247540,3,17,CPN22DA,CPN,2019-01-09,3.934246575,AA,PROP
247582,0,8,JMT207A,JMT,2019-01-09,1.5260273969999998,BBB,FIN
247625,2,39,KTC217A,KTC,2019-01-09,2.531506849,A+,FIN
247667,2,36,KTC278B,KTC,2019-01-09,8.62739726,A+,FIN
247711,3,88,LH19OB,LH,2019-01-09,0.7972602740000001,A+,PROP
247754,0,52,MINT249A,MINT,2019-01-09,5.717808219,A,FOOD
247792,2,37,QH213A,QH,2019-01-09,2.150684932,A-,PROP
247834,1,55,WHA204B,WHA,2019-01-09,1.301369863,A-,PROP
248739,3,46,ACAP20NA,ACAP,2019-01-09,1.871232877,BB,FIN
248884,2,4,AMATA288A,AMATA,2019-01-09,9.569863014,A,PROP
248956,2,37,AP228A,AP,2019-01-09,3.5753424660000004,A-,PROP
249104,2,38,BCP244A,BCP,2019-01-09,5.254794521,A,ENERG
249252,0,11,BJC203A,BJC,2019-01-09,1.202739726,A+,COMM
249344,2,25,CKP216A,CKP,2019-01-09,2.438356164,A-,ENERG
249474,3,29,CPALL23OA,CPALL,2019-01-09,4.808219178,A,COMM
249912,2,33,KTC226A,KTC,2019-01-09,3.391780822,A+,FIN
250017,3,88,LH19OA,LH,2019-01-09,0.742465753,A+,PROP
250043,2,41,PF195A,PF,2019-01-09,0.315068493,BB+,PROP
250314,0,76,CPF30NA,CPF,2019-01-09,11.85479452,A+,FOOD
250462,3,17,CPN21OA,CPN,2019-01-09,2.756164384,AA,PROP
250610,1,43,EA217A,EA,2019-01-09,2.531506849,AA,ENERG
250761,0,8,FNS21NA,FNS,2019-01-09,2.819178082,BBB-,FIN
250907,0,8,FNS22OA,FNS,2019-01-09,3.756164384,BBB-,FIN
251053,1,32,GRAND19OA,GRAND,2019-01-09,0.734246575,BB+,TOURISM
251337,2,36,KTC25NA,KTC,2019-01-09,6.865753425,A+,FIN
251378,1,20,CK267A,CK,2019-01-09,7.495890411,A-,CONS
251426,0,52,CPF244A,CPF,2019-01-09,5.257534247,A+,FOOD
251471,0,76,CPF328A,CPF,2019-01-09,13.57260274,A+,FOOD
251519,2,39,KTC208A,KTC,2019-01-09,1.58630137,A+,FIN
251564,2,33,KTC22NA,KTC,2019-01-09,3.838356164,A+,FIN
251603,2,36,KTC262B,KTC,2019-01-09,7.109589041,A+,FIN
251648,2,21,MK21OA,MK,2019-01-09,2.8,BBB,PROP
251826,2,39,KTC198B,KTC,2019-01-09,0.591780822,A+,FIN
252021,1,24,SCC194A,SCC,2019-01-09,0.221917808,A+,CONMAT
252070,2,41,PF197A,PF,2019-01-09,0.487671233,BB+,PROP
252118,3,74,PL199A,PL,2019-01-09,0.7041095890000001,A-,FIN
252157,1,55,QH198A,QH,2019-01-09,0.575342466,A-,PROP
252198,2,30,SC208A,SC,2019-01-09,1.5780821919999999,BBB+,PROP
252244,3,69,TFG207A,TFG,2019-01-09,1.509589041,BBB-,FOOD
252299,1,55,WHA195A,WHA,2019-01-09,0.380821918,A-,PROP
252621,2,79,ORI215A,ORI,2019-01-09,2.334246575,BBB-,PROP
252765,2,93,PF217A,PF,2019-01-09,2.523287671,BB+,PROP
252967,2,21,SF201A,SF,2019-01-09,1.046575343,BBB,PROP
253727,0,22,CENTEL218A,CENTEL,2019-01-09,2.58630137,A,TOURISM
253882,1,58,BTSG29DA,BTSG,2019-01-09,10.96712329,A,TRANS
254207,1,59,CK193B,CK,2019-01-09,0.15342465800000002,A-,CONS
254247,1,20,CK235B,CK,2019-01-09,4.367123288,A-,CONS
254288,1,86,CK27NC,CK,2019-01-09,8.819178082,A-,CONS
254337,0,9,KK262A,KK,2019-01-09,7.131506849,A-,BANK
254399,0,52,TU237A,TU,2019-01-09,4.526027397,A+,FOOD
254431,3,31,ASK212A,ASK,2019-01-09,2.101369863,BBB+,FIN
254507,1,45,BTSG209A,BTSG,2019-01-09,1.660273973,A,TRANS
254527,1,20,CK25NA,CK,2019-01-09,6.8191780820000005,A-,CONS
254556,0,92,KK25DA,KK,2019-01-09,6.956164384,BBB,BANK
254605,3,74,PL198A,PL,2019-01-09,0.6,A-,FIN
254633,2,87,PTG209A,PTG,2019-01-09,1.7178082190000001,BBB+,ENERG
255451,1,44,A214B,A,2019-01-09,2.304109589,BB,PROP
255531,3,15,PL212A,PL,2019-01-09,2.126027397,A-,FIN
255634,1,20,CK247A,CK,2019-01-09,5.495890411,A-,CONS
255870,3,28,CPALL213C,CPALL,2019-01-09,2.18630137,A-,COMM
256008,3,28,CPALL218B,CPALL,2019-01-09,2.6164383559999997,A,COMM
256378,2,79,GLAND20NA,GLAND,2019-01-09,1.879452055,BBB-,PROP
256488,2,79,NOBLE196A,NOBLE,2019-01-09,0.468493151,BBB-,PROP
256578,1,84,PSL211A,PSL,2019-01-09,2.035616438,BB+,TRANS
256629,2,87,PTG192A,PTG,2019-01-09,0.109589041,BBB+,ENERG
256764,2,6,GPSC219A,GPSC,2019-01-09,2.720547945,A+,ENERG
257720,2,25,PTG22DA,PTG,2019-01-09,3.931506849,BBB+,ENERG
257861,2,13,PTTC208A,PTTC,2019-01-09,1.624657534,AAA,ENERG
258066,0,8,SAWAD209A,SAWAD,2019-01-09,1.693150685,BBB,FIN
258204,0,8,SAWAD212A,SAWAD,2019-01-09,2.0684931509999998,BBB,FIN
258242,1,44,A197A,A,2019-01-09,0.5232876710000001,BB,PROP
258267,3,88,LH194A,LH,2019-01-09,0.298630137,A+,PROP
258364,3,88,LH194B,LH,2019-01-09,0.295890411,A+,PROP
258628,2,79,SENA198A,SENA,2019-01-09,0.578082192,BBB-,PROP
258768,2,30,SIRI204A,SIRI,2019-01-09,1.295890411,BBB+,PROP
258906,2,27,SIRI21NA,SIRI,2019-01-09,2.8904109589999996,BBB+,PROP
259044,2,27,SIRI229B,SIRI,2019-01-09,3.701369863,BBB+,PROP
259618,1,23,TSE19OA,TSE,2019-01-09,0.7972602740000001,BBB,ENERG
259698,0,76,MINT313A,MINT,2019-01-09,12.18356164,A,FOOD
259714,3,15,PL20OA,PL,2019-01-09,1.739726027,A-,FIN
259812,4,62,TTCL225A,TTCL,2019-01-09,3.336986301,BBB-,CONS
259865,2,18,TTW192A,TTW,2019-01-09,0.117808219,AA-,ENERG
260066,3,74,THANI199A,THANI,2019-01-09,0.663013699,A-,FIN
260628,3,28,CPALL198B,CPALL,2019-01-09,0.61369863,A,COMM
260769,3,28,CPALL20OA,CPALL,2019-01-09,1.808219178,A,COMM
260910,3,29,CPALL243A,CPALL,2019-01-09,5.21369863,A,COMM
261104,2,25,IRPC215B,IRPC,2019-01-09,2.328767123,A-,ENERG
261245,1,47,IVL205A,IVL,2019-01-09,1.315068493,AA-,PETRO
261388,1,80,IVL25DA,IVL,2019-01-09,6.917808218999999,AA-,PETRO
261531,2,72,JMART213A,JMART,2019-01-09,2.1780821919999998,BBB,ICT
261889,0,8,MTC22NA,MTC,2019-01-09,3.81369863,BBB,FIN
262166,2,3,PTTC243A,PTTC,2019-01-09,5.156164383999999,AAA,ENERG
262304,2,30,ROJNA205B,ROJNA,2019-01-09,1.336986301,BBB+,PROP
262437,1,24,SCC224A,SCC,2019-01-09,3.224657534,A+,CONMAT
262580,1,45,THAI19OA,THAI,2019-01-09,0.7506849320000001,A,TRANS
262723,1,50,THAI238A,THAI,2019-01-09,4.638356164,A,TRANS
262811,3,15,THANI218A,THANI,2019-01-09,2.602739726,A-,FIN
262815,1,44,A214A,A,2019-01-09,2.304109589,BB,PROP
262841,2,37,AP228B,AP,2019-01-09,3.621917808,A-,PROP
262866,2,21,SF22NA,SF,2019-01-09,3.8493150689999998,BBB,PROP
262900,1,43,TTW232A,TTW,2019-01-09,4.063013699,AA-,ENERG
262956,0,1,SG19NA,SG,2019-01-09,0.865753425,BBB-,FIN
263346,1,23,GUNKUL19OB,GUNKUL,2019-01-09,0.7753424659999999,BBB-,ENERG
263642,2,41,MJD198A,MJD,2019-01-09,0.583561644,BB+,PROP
264099,2,6,BANPU234A,BANPU,2019-01-09,4.224657533999999,A+,ENERG
264266,2,85,BDMS256A,BDMS,2019-01-09,6.460273973,AA-,HELTH
264550,2,38,BGRIM23OA,BGRIM,2019-01-09,4.775342466000001,A-,ENERG
264928,0,11,HMPRO198A,HMPRO,2019-01-09,0.567123288,AA-,COMM
265064,0,11,HMPRO19DA,HMPRO,2019-01-09,0.95890411,AA-,COMM
265200,0,11,HMPRO204A,HMPRO,2019-01-09,1.295890411,AA-,COMM
265336,0,11,HMPRO20OA,HMPRO,2019-01-09,1.775342466,AA-,COMM
265478,2,64,AQUA199A,AQUA,2019-01-09,0.6821917809999999,BBB-,MEDIA
265584,4,62,ITD226A,ITD,2019-01-09,3.468493151,BBB-,CONS
265662,0,1,MDL195A,MDL,2019-01-09,0.356164384,BBB-,FIN
265735,3,16,MINT21OA,MINT,2019-01-09,2.7315068489999996,A,FOOD
265812,2,27,SIRI229A,SIRI,2019-01-09,3.701369863,BBB+,PROP
266498,1,44,A222A,A,2019-01-09,3.120547945,BB,PROP
267846,3,74,THANI193A,THANI,2019-01-09,0.16164383599999999,A-,FIN
268088,1,47,IVL193A,IVL,2019-01-09,0.17260274,AA-,PETRO
268143,3,74,PL191A,PL,2019-01-09,0.035616438,A-,FIN
268250,3,74,PL195A,PL,2019-01-09,0.34520548,A-,FIN
268369,2,12,TTW255A,TTW,2019-01-09,6.364383562,AA-,ENERG
268751,2,87,PTG198A,PTG,2019-01-09,0.556164384,BBB+,ENERG
268892,1,47,PTTGC218A,PTTGC,2019-01-09,2.5780821919999997,AA,PETRO
269101,0,8,SAWAD218A,SAWAD,2019-01-09,2.5780821919999997,BBB,FIN
269355,2,27,SC215A,SC,2019-01-09,2.35890411,BBB+,PROP
269730,1,47,PTTGC196A,PTTGC,2019-01-09,0.438356164,AA,PETRO
270100,2,87,SGP201A,SGP,2019-01-09,1.043835616,BBB+,ENERG
270241,2,57,SINGER19OA,SINGER,2019-01-09,0.7753424659999999,BBB-,COMM
270370,2,30,SIRI206A,SIRI,2019-01-09,1.394520548,BBB+,PROP
271149,3,15,THANI20DA,THANI,2019-01-09,1.893150685,A-,FIN
271290,1,0,THCOM21OB,THCOM,2019-01-09,2.728767123,A-,ICT
272256,4,10,TPIPL197A,TPIPL,2019-01-09,0.487671233,BBB+,CONMAT
272373,0,19,KTB27NA,KTB,2019-01-09,8.873972603,AA,BANK
272518,3,74,TK195A,TK,2019-01-09,0.34520548,A-,FIN
272989,3,51,TMB248A,TMB,2019-01-09,5.638356164,A+,BANK
273301,1,43,TTW222A,TTW,2019-01-09,3.120547945,AA-,ENERG
273906,1,50,BTSG22DA,BTSG,2019-01-09,3.9616438360000004,A,TRANS
274573,0,52,CPF251A,CPF,2019-01-09,6.043835616,A+,FOOD
275024,3,74,THANI197B,THANI,2019-01-09,0.526027397,A-,FIN
275218,2,13,PTTEP195A,PTTEP,2019-01-09,0.380821918,AAA,ENERG
275384,1,55,WHA196B,WHA,2019-01-09,0.416438356,A-,PROP
275542,2,33,KTC224A,KTC,2019-01-09,3.235616438,A+,FIN
275743,2,27,SIRI231A,SIRI,2019-01-09,4.04109589,BBB+,PROP
276418,1,0,TRUE195A,TRUE,2019-01-09,0.34520548,BBB+,ICT
276805,2,14,BDMS242A,BDMS,2019-01-09,5.082191781000001,AA-,HELTH
276943,2,25,BGRIM21OA,BGRIM,2019-01-09,2.775342466,A-,ENERG
277163,1,45,BTSG20DA,BTSG,2019-01-09,1.961643836,A,TRANS
277306,0,22,CENTEL229A,CENTEL,2019-01-09,3.720547945,A,TOURISM
277435,3,29,CPALL248B,CPALL,2019-01-09,5.619178082,A,COMM
277576,3,49,CPALL283A,CPALL,2019-01-09,9.191780822,A-,COMM
278071,0,11,HMPRO19OA,HMPRO,2019-01-09,0.75890411,AA-,COMM
278407,1,55,AP191B,AP,2019-01-09,0.052054795,A-,PROP
278437,1,55,AP191C,AP,2019-01-09,0.024657534,A-,PROP
278524,3,31,ASK193B,ASK,2019-01-09,0.21369863,BBB+,FIN
278670,0,83,BAY196A,BAY,2019-01-09,0.452054795,AAA,BANK
278955,2,13,PTTC195B,PTTC,2019-01-09,0.342465753,AAA,ENERG
279083,1,55,QH196A,QH,2019-01-09,0.457534247,A-,PROP
279360,3,34,JWD21NA,JWD,2019-01-09,2.8301369860000003,BBB+,TRANS
280094,3,46,GL199A,GL,2019-01-09,0.717808219,BB+,FIN
280162,2,27,SC222A,SC,2019-01-09,3.126027397,BBB+,PROP
280268,1,47,IVL194A,IVL,2019-01-09,0.23287671199999999,AA-,PETRO
280879,3,34,JWD19NA,JWD,2019-01-09,0.832876712,BBB+,TRANS
281596,1,45,THAI206A,THAI,2019-01-09,1.452054795,A,TRANS
281705,4,10,TPIPL198A,TPIPL,2019-01-09,0.567123288,BBB+,CONMAT
281951,3,82,MBKET194A,MBKET,2019-01-09,0.287671233,AA,FIN
282105,2,13,PTTC195A,PTTC,2019-01-09,0.356164384,AAA,ENERG
282212,2,13,PTTC195C,PTTC,2019-01-09,0.342465753,AAA,ENERG
282429,4,10,TPIPL201A,TPIPL,2019-01-09,1.032876712,BBB+,CONMAT
282558,4,10,TPIPL208A,TPIPL,2019-01-09,1.569863014,BBB+,CONMAT
283033,0,1,SAWAD199A,SAWAD,2019-01-09,0.671232877,BBB,FIN
283171,2,30,SIRI205A,SIRI,2019-01-09,1.38630137,BBB+,PROP
283309,2,27,SIRI218A,SIRI,2019-01-09,2.619178082,BBB+,PROP
283447,2,40,SPCG19DA,SPCG,2019-01-09,0.931506849,A,ENERG
283770,2,40,BCP194B,BCP,2019-01-09,0.24931506899999997,A,ENERG
283883,0,9,KK285A,KK,2019-01-09,9.35890411,A-,BANK
284010,0,2,TU197A,TU,2019-01-09,0.5232876710000001,A+,FOOD
284173,1,55,AP197A,AP,2019-01-09,0.542465753,A-,PROP
284324,0,83,BAY203A,BAY,2019-01-09,1.2164383559999998,AAA,BANK
284470,2,14,BDMS202A,BDMS,2019-01-09,1.079452055,AA-,HELTH
284608,1,45,BEM216A,BEM,2019-01-09,2.4547945209999997,A,TRANS
284835,3,89,CPALL238A,CPALL,2019-01-09,4.62739726,A-,COMM
284973,0,2,CPF20NA,CPF,2019-01-09,1.849315069,A+,FOOD
285116,2,21,ANAN19OA,ANAN,2019-01-09,0.736986301,BBB,PROP
285257,0,83,BAY20NA,BAY,2019-01-09,1.816438356,AAA,BANK
285416,1,59,CK198A,CK,2019-01-09,0.57260274,A-,CONS
285544,0,73,CPALL27NA,CPALL,2019-01-09,8.852054795,A,COMM
285625,2,6,EASTW226A,EASTW,2019-01-09,3.4328767119999997,A+,ENERG
285753,1,42,IVL225A,IVL,2019-01-09,3.315068493,AA-,PETRO
285896,1,53,IVL306A,IVL,2019-01-09,11.41643836,AA-,PETRO
286039,2,72,JMART204A,JMART,2019-01-09,1.279452055,BBB,ICT
286550,0,1,CGH206A,CGH,2019-01-09,1.3917808219999999,BBB-,FIN
287008,3,31,ASK194A,ASK,2019-01-09,0.22739726,BBB+,FIN
287165,4,56,CCP195A,CCP,2019-01-09,0.356164384,BB+,CONMAT
287201,3,89,CPALL226A,CPALL,2019-01-09,3.471232877,A-,COMM
287337,4,62,ITD194A,ITD,2019-01-09,0.287671233,BBB-,CONS
287416,4,10,TPIPL191A,TPIPL,2019-01-09,0.032876712,BBB+,CONMAT
287555,1,23,GUNKUL205A,GUNKUL,2019-01-09,1.38630137,BBB,ENERG
288539,2,57,SINGER213A,SINGER,2019-01-09,2.219178082,BBB-,COMM
288764,4,10,TPIPL207A,TPIPL,2019-01-09,1.490410959,BBB+,CONMAT
289106,0,8,MTC21NA,MTC,2019-01-09,2.81369863,BBB,FIN
289244,2,79,ORI21OA,ORI,2019-01-09,2.750684932,BBB-,PROP
289649,0,1,MDL195C,MDL,2019-01-09,0.35890411,BBB-,FIN
289837,1,55,WHA197B,WHA,2019-01-09,0.490410959,A-,PROP
290093,3,51,TCAP238A,TCAP,2019-01-09,4.580821918,A+,BANK
290236,1,45,THAI215B,THAI,2019-01-09,2.3397260269999998,A,TRANS
290379,1,35,THAI254A,THAI,2019-01-09,6.306849315,A,TRANS
290522,1,65,THAI332A,THAI,2019-01-09,14.14520548,A,TRANS
290665,3,15,THANI208B,THANI,2019-01-09,1.605479452,A-,FIN
290750,0,1,ECL20OA,ECL,2019-01-09,1.736986301,BBB-,FIN
290867,2,30,ROJNA205A,ROJNA,2019-01-09,1.383561644,BBB+,PROP
291011,2,21,ANAN204A,ANAN,2019-01-09,1.2356164379999999,BBB,PROP
291236,2,14,BDMS233A,BDMS,2019-01-09,4.175342466,AA-,HELTH
291393,0,22,CENTEL239A,CENTEL,2019-01-09,4.720547945,A,TOURISM
291457,1,20,CK227A,CK,2019-01-09,3.539726027,A-,CONS
291601,3,28,CPALL213B,CPALL,2019-01-09,2.210958904,A,COMM
291637,0,91,CENTEL269A,CENTEL,2019-01-09,7.7232876710000005,A,TOURISM
291943,0,11,HMPRO21OA,HMPRO,2019-01-09,2.7835616439999997,AA-,COMM
292175,1,42,IVL22OA,IVL,2019-01-09,3.75890411,AA-,PETRO
292318,1,53,IVL32NA,IVL,2019-01-09,13.86027397,AA-,PETRO
292697,3,69,CFRESH215A,CFRESH,2019-01-09,2.378082192,BBB,FOOD
292869,1,86,CK275A,CK,2019-01-09,8.378082192,A-,CONS
293075,1,23,GUNKUL214A,GUNKUL,2019-01-09,2.295890411,BBB,ENERG
293231,2,27,LALIN213A,LALIN,2019-01-09,2.156164384,BBB+,PROP
293314,3,28,LOXLEY20DA,LOXLEY,2019-01-09,1.9397260269999999,A-,COMM
293748,3,74,THANI197A,THANI,2019-01-09,0.490410959,A-,FIN
294048,2,68,MBK335A,MBK,2019-01-09,14.38082192,A,PROP
294092,3,82,MBKET192A,MBKET,2019-01-09,0.079452055,AA,FIN
294237,0,8,SAWAD228A,SAWAD,2019-01-09,3.5780821919999997,BBB,FIN
294327,0,11,BJC193A,BJC,2019-01-09,0.2,A+,COMM
294371,0,2,CPF198A,CPF,2019-01-09,0.561643836,A+,FOOD
294456,1,60,BCP303A,BCP,2019-01-09,11.15068493,A,ENERG
294549,1,59,UNIQ218A,UNIQ,2019-01-09,2.635616438,BBB+,CONS
295224,1,47,PTTGC218B,PTTGC,2019-01-09,2.64109589,AA,PETRO
295389,2,37,AP221A,AP,2019-01-09,3.035616438,A-,PROP
295424,1,0,SAMART205A,SAMART,2019-01-09,1.380821918,BBB+,ICT
295478,1,0,SAMTEL192A,SAMTEL,2019-01-09,0.120547945,BBB+,ICT
295519,0,1,SAWAD192A,SAWAD,2019-01-09,0.065753425,BBB,FIN
295646,3,74,THANI196A,THANI,2019-01-09,0.416438356,A-,FIN
295872,3,63,STA215A,STA,2019-01-09,2.3534246580000002,BBB+,AGRI
296015,1,50,THAI21DA,THAI,2019-01-09,2.9616438360000004,A,TRANS
296410,2,93,PF226A,PF,2019-01-09,3.408219178,BB+,PROP
296499,3,15,PL225A,PL,2019-01-09,3.369863014,A-,FIN
296564,0,19,SCB249A,SCB,2019-01-09,5.690410958999999,AA,BANK
296732,3,15,THANI20OB,THANI,2019-01-09,1.775342466,A-,FIN
297034,1,55,WHA199A,WHA,2019-01-09,0.687671233,A-,PROP
297182,1,5,WHA25OA,WHA,2019-01-09,6.778082192,A-,PROP
297330,3,28,CPALL193B,CPALL,2019-01-09,0.208219178,A,COMM
297361,2,27,LALIN23NA,LALIN,2019-01-09,4.852054795,BBB+,PROP
297399,2,21,MK19DA,MK,2019-01-09,0.898630137,BBB,PROP
297481,1,23,SUPER208A,SUPER,2019-01-09,1.580821918,BBB-,ENERG
297539,2,25,TPIPP21NA,TPIPP,2019-01-09,2.8849315069999997,BBB+,ENERG
297562,2,37,WHA219A,WHA,2019-01-09,2.684931507,A-,PROP
297870,3,31,ASK209A,ASK,2019-01-09,1.6767123290000001,BBB+,FIN
298016,1,35,BEM254A,BEM,2019-01-09,6.238356164,A,TRANS
298164,0,73,BJC273A,BJC,2019-01-09,8.205479452,A+,COMM
298441,0,1,FNS214A,FNS,2019-01-09,2.293150685,BBB-,FIN
298587,1,42,IVL224A,IVL,2019-01-09,3.235616438,AA-,PETRO
298730,1,80,IVL24NA,IVL,2019-01-09,5.8547945210000005,AA-,PETRO
299001,1,55,AP197B,AP,2019-01-09,0.49589041100000003,A-,PROP
299770,1,5,AMATA22OA,AMATA,2019-01-09,3.7369863010000004,A,PROP
299795,2,21,ANAN21OA,ANAN,2019-01-09,2.7397260269999997,BBB,PROP
299819,2,12,BANPU274A,BANPU,2019-01-09,8.282191781,A+,ENERG
299862,1,58,BEM27OA,BEM,2019-01-09,8.783561644,A,TRANS
299910,3,29,BJC243A,BJC,2019-01-09,5.205479452,A+,COMM
299993,0,2,CPF225A,CPF,2019-01-09,3.34520548,A+,FOOD
300017,1,71,ECF208A,ECF,2019-01-09,1.6,BB+,HOME
300059,2,30,GOLD208A,GOLD,2019-01-09,1.5780821919999999,BBB+,PROP
300088,1,42,IVL21OB,IVL,2019-01-09,2.775342466,AA-,PETRO
300133,1,81,IVL27NA,IVL,2019-01-09,8.854794521,AA-,PETRO
300327,3,74,PL201A,PL,2019-01-09,1.04109589,A-,FIN
300366,1,24,SCC19OA,SCC,2019-01-09,0.753424658,A+,CONMAT
300389,1,24,SCCC206A,SCCC,2019-01-09,1.42739726,A,CONMAT
300412,1,45,THAI192A,THAI,2019-01-09,0.101369863,A,TRANS
300455,1,45,THAI192B,THAI,2019-01-09,0.07671232900000001,A,TRANS
300478,1,45,THAI208B,THAI,2019-01-09,1.6,A,TRANS
300523,1,50,THAI243A,THAI,2019-01-09,5.202739726,A,TRANS
300596,4,10,TPIPL218A,TPIPL,2019-01-09,2.569863014,BBB+,CONMAT
300619,4,62,TTCL205A,TTCL,2019-01-09,1.3424657530000002,BBB-,CONS
301296,1,5,PSH235A,PSH,2019-01-09,4.389041096000001,A,PROP
301871,2,18,BANPU195A,BANPU,2019-01-09,0.367123288,A+,ENERG
301920,3,46,ACAP202A,ACAP,2019-01-09,1.076712329,BB,FIN
301944,3,31,ASK192A,ASK,2019-01-09,0.063013699,BBB+,FIN
301996,3,31,ASK192B,ASK,2019-01-09,0.11506849300000001,BBB+,FIN
302068,3,31,ASK193A,ASK,2019-01-09,0.191780822,BBB+,FIN
302080,3,31,ASK205A,ASK,2019-01-09,1.34520548,BBB+,FIN
302105,0,19,BAY272A,BAY,2019-01-09,8.093150685,AA+,BANK
302149,1,58,BTSG27DA,BTSG,2019-01-09,8.964383562,A,TRANS
302222,0,52,CPF24NA,CPF,2019-01-09,5.852054795,A+,FOOD
302246,3,17,CPN258A,CPN,2019-01-09,6.580821918,AA,PROP
302277,3,15,KCAR206A,KCAR,2019-01-09,1.454794521,A-,FIN
302340,0,52,MINT255A,MINT,2019-01-09,6.367123287999999,A,FOOD
302365,3,69,MM217A,MM,2019-01-09,2.542465753,BBB-,FOOD
302388,3,90,PSH215A,PSH,2019-01-09,2.389041096,A,PROP
302438,3,90,SPALI202A,SPALI,2019-01-09,1.1041095890000001,A,PROP
302506,1,55,WHA195B,WHA,2019-01-09,0.356164384,A-,PROP
302629,1,55,WHA196A,WHA,2019-01-09,0.416438356,A-,PROP
302781,2,4,AMATA258A,AMATA,2019-01-09,6.5671232879999994,A,PROP
302922,2,18,BANPU214A,BANPU,2019-01-09,2.224657534,A+,ENERG
303146,1,32,GRAND203A,GRAND,2019-01-09,1.180821918,BB+,TOURISM
303276,1,42,IVL224B,IVL,2019-01-09,3.235616438,AA-,PETRO
303419,1,81,IVL295A,IVL,2019-01-09,10.32054795,AA-,PETRO
303562,2,39,KTC198A,KTC,2019-01-09,0.591780822,A+,FIN
303865,2,6,BANPU225A,BANPU,2019-01-09,3.369863014,A+,ENERG
304001,2,6,BANPU22NA,BANPU,2019-01-09,3.84109589,A+,ENERG
304137,2,14,BDMS205A,BDMS,2019-01-09,1.3315068490000002,AA-,HELTH
304275,2,14,BDMS235A,BDMS,2019-01-09,4.331506849,AA-,HELTH
304657,3,28,CPALL198C,CPALL,2019-01-09,0.624657534,A-,COMM
304795,3,28,CPALL206A,CPALL,2019-01-09,1.4712328769999998,A-,COMM
305178,2,40,EA197A,EA,2019-01-09,0.528767123,A-,ENERG
305229,1,59,CK197A,CK,2019-01-09,0.490410959,A-,CONS
305255,0,77,CPF418A,CPF,2019-01-09,22.62191781,A+,FOOD
305306,1,32,GRAND192A,GRAND,2019-01-09,0.095890411,BB+,TOURISM
305335,0,9,KK268A,KK,2019-01-09,7.64109589,A-,BANK
305361,2,33,KTC22OA,KTC,2019-01-09,3.775342466,A+,FIN
305390,2,41,PF199A,PF,2019-01-09,0.698630137,BB+,PROP
305416,3,15,PL218A,PL,2019-01-09,2.5643835619999997,A-,FIN
305543,2,13,PTTEP196A,PTTEP,2019-01-09,0.402739726,AAA,ENERG
305595,0,2,TU192A,TU,2019-01-09,0.073972603,A+,FOOD
305821,4,62,ITD205A,ITD,2019-01-09,1.378082192,BBB-,CONS
305964,4,62,ITD216A,ITD,2019-01-09,2.410958904,BBB-,CONS
306107,1,47,IVL20DA,IVL,2019-01-09,1.928767123,AA-,PETRO
306250,1,80,IVL25OA,IVL,2019-01-09,6.761643836,AA-,PETRO
306422,0,8,MTC227A,MTC,2019-01-09,3.5232876710000003,BBB,FIN
306938,2,30,LALIN207B,LALIN,2019-01-09,1.54520548,BBB+,PROP
307148,2,79,NOBLE205A,NOBLE,2019-01-09,1.315068493,BBB-,PROP
307512,3,63,STA195A,STA,2019-01-09,0.350684932,BBB+,AGRI
308247,2,38,WHAUP256A,WHAUP,2019-01-09,6.463013698999999,A-,ENERG
308392,1,24,SCC22OA,SCC,2019-01-09,3.7260273969999997,A+,CONMAT
308535,1,7,SCCC295A,SCCC,2019-01-09,10.33424658,A,CONMAT
308676,3,51,TCAP23OA,TCAP,2019-01-09,4.783561644,A+,BANK
308819,1,45,THAI204A,THAI,2019-01-09,1.304109589,A,TRANS
308962,1,50,THAI238B,THAI,2019-01-09,4.6,A,TRANS
309105,3,15,THANI209B,THANI,2019-01-09,1.687671233,A-,FIN
309246,1,23,TSE204A,TSE,2019-01-09,1.2356164379999999,BBB,ENERG
309503,3,31,ASK196A,ASK,2019-01-09,0.416438356,BBB+,FIN
309620,2,40,BCP194A,BCP,2019-01-09,0.301369863,A,ENERG
309806,2,39,KTC195A,KTC,2019-01-09,0.326027397,A+,FIN
310321,3,16,MINT213A,MINT,2019-01-09,2.1780821919999998,A,FOOD
310467,2,79,ORI207A,ORI,2019-01-09,1.539726027,BBB-,PROP
310611,2,79,RML206A,RML,2019-01-09,1.4438356159999999,BBB-,PROP
310848,2,30,SC19NA,SC,2019-01-09,0.82739726,BBB+,PROP
310996,1,7,SCCC245A,SCCC,2019-01-09,5.331506849,A,CONMAT
311137,1,23,SUPER19DA,SUPER,2019-01-09,0.8904109590000001,BBB-,ENERG
311253,2,40,IRPC195B,IRPC,2019-01-09,0.326027397,A-,ENERG
311375,0,1,MDL195B,MDL,2019-01-09,0.35890411,BBB-,FIN
311736,2,12,BANPU257A,BANPU,2019-01-09,6.501369863,A+,ENERG
311823,1,61,BCH211A,BCH,2019-01-09,2.049315069,A-,HELTH
311895,1,61,BCH22DA,BCH,2019-01-09,3.9506849319999997,A-,HELTH
312225,1,59,UNIQ19DA,UNIQ,2019-01-09,0.94520548,BBB+,CONS
312348,3,28,GLOBAL217A,GLOBAL,2019-01-09,2.504109589,A-,COMM
312483,1,32,GRAND21NA,GRAND,2019-01-09,2.8109589039999996,BB+,TOURISM
313485,2,30,LALIN207A,LALIN,2019-01-09,1.490410959,BBB+,PROP
313618,3,89,LOXLEY22DA,LOXLEY,2019-01-09,3.939726027,A-,COMM
313877,4,62,NWR208A,NWR,2019-01-09,1.6328767119999998,BBB-,CONS
314110,1,48,MAJOR21OA,MAJOR,2019-01-09,2.7397260269999997,A,MEDIA
314701,3,69,SST209A,SST,2019-01-09,1.6986301369999999,BBB-,FOOD
315367,1,26,AH219A,AH,2019-01-09,2.712328767,BBB+,AUTO
315587,3,29,CPALL23OB,CPALL,2019-01-09,4.808219178,A,COMM
315728,0,22,DTC219A,DTC,2019-01-09,2.676712329,BBB+,TOURISM
315899,1,80,IVL256A,IVL,2019-01-09,6.41369863,AA-,PETRO
316042,2,72,JMART20DA,JMART,2019-01-09,1.950684932,BBB,ICT
316199,1,60,BCP28DA,BCP,2019-01-09,9.950684932,A,ENERG
316297,1,32,GRAND195A,GRAND,2019-01-09,0.356164384,BB+,TOURISM
316471,3,74,TK197A,TK,2019-01-09,0.5232876710000001,A-,FIN
316840,2,57,MIDA211A,MIDA,2019-01-09,2.04109589,BBB-,COMM
317002,1,84,PSL206A,PSL,2019-01-09,1.41369863,BBB-,TRANS
317226,2,30,SC202A,SC,2019-01-09,1.123287671,BBB+,PROP
317374,1,24,SCC21OA,SCC,2019-01-09,2.7260273969999997,A+,CONMAT
317517,1,7,SCCC264A,SCCC,2019-01-09,7.304109588999999,A,CONMAT
317658,2,30,SIRI19OA,SIRI,2019-01-09,0.728767123,BBB+,PROP
317822,1,45,THAI19DB,THAI,2019-01-09,0.950684932,A,TRANS
317965,1,50,THAI232A,THAI,2019-01-09,4.136986301,A,TRANS
318108,3,74,THANI198B,THANI,2019-01-09,0.624657534,A-,FIN
318249,3,15,THANI208A,THANI,2019-01-09,1.5671232880000001,A-,FIN
318270,3,69,CFRESH20NA,CFRESH,2019-01-09,1.8328767119999998,BBB,FOOD
318570,3,31,ASK213A,ASK,2019-01-09,2.205479452,BBB+,FIN
318716,2,14,BDMS228A,BDMS,2019-01-09,3.57260274,AA-,HELTH
318854,2,14,BDMS228B,BDMS,2019-01-09,3.5780821919999997,AA-,HELTH
319054,2,57,MIDA198A,MIDA,2019-01-09,0.635616438,BBB-,COMM
319116,2,93,PF214A,PF,2019-01-09,2.24109589,BB+,PROP
319791,2,79,GLAND224A,GLAND,2019-01-09,3.293150685,BBB-,PROP
319958,2,40,SPCG196A,SPCG,2019-01-09,0.468493151,A,ENERG
320447,2,30,LALIN197B,LALIN,2019-01-09,0.550684932,BBB+,PROP
320580,2,30,LALIN202A,LALIN,2019-01-09,1.123287671,BBB+,PROP
320718,0,2,OISHI197A,OISHI,2019-01-09,0.48493150700000004,A+,FOOD
320952,2,3,PTTEP296A,PTTEP,2019-01-09,10.4109589,AAA,ENERG
321091,0,1,SAWAD197A,SAWAD,2019-01-09,0.487671233,BBB,FIN
321767,3,29,BJC239A,BJC,2019-01-09,4.660273973,A+,COMM
321791,3,16,MINT228A,MINT,2019-01-09,3.5808219180000003,A,FOOD
322382,1,5,WHA234A,WHA,2019-01-09,4.295890411,A-,PROP
322446,2,25,WHAUP208A,WHAUP,2019-01-09,1.605479452,A-,ENERG
322650,3,28,CPALL20OB,CPALL,2019-01-09,1.808219178,A,COMM
322791,3,28,CPALL213A,CPALL,2019-01-09,2.210958904,A,COMM
322932,3,29,CPALL243B,CPALL,2019-01-09,5.21369863,A,COMM
323320,0,8,FNS221A,FNS,2019-01-09,3.046575343,BBB-,FIN
323466,4,62,ITD209A,ITD,2019-01-09,1.701369863,BBB-,CONS
323609,3,34,JWD20NA,JWD,2019-01-09,1.8301369859999999,BBB+,TRANS
323828,2,3,PTTC247A,PTTC,2019-01-09,5.55890411,AAA,ENERG
323966,0,1,SAWAD198A,SAWAD,2019-01-09,0.556164384,BBB,FIN
324332,3,15,THANI20OA,THANI,2019-01-09,1.739726027,A-,FIN
324370,2,39,KTC215A,KTC,2019-01-09,2.334246575,A+,FIN
324395,2,27,ROJNA215A,ROJNA,2019-01-09,2.356164384,BBB+,PROP
324488,3,15,THANI217A,THANI,2019-01-09,2.504109589,A-,FIN
324522,4,10,TPIPL214A,TPIPL,2019-01-09,2.224657534,BBB+,CONMAT
325043,2,85,BDMS266A,BDMS,2019-01-09,7.457534247000001,AA-,HELTH
325265,1,60,BGRIM28OA,BGRIM,2019-01-09,9.780821918,A-,ENERG
326084,3,49,CPALL293A,CPALL,2019-01-09,10.21643836,A-,COMM
326250,2,41,MJD195A,MJD,2019-01-09,0.356164384,BB+,PROP
326393,2,79,GLAND215A,GLAND,2019-01-09,2.328767123,BBB-,PROP
326825,0,19,KBANK254A,KBANK,2019-01-09,6.232876712,AA,BANK
326963,2,30,LALIN197A,LALIN,2019-01-09,0.490410959,BBB+,PROP
327096,0,54,LHFG205A,LHFG,2019-01-09,1.347945206,BBB+,BANK
327152,2,37,AP21DA,AP,2019-01-09,2.95890411,A-,PROP
327526,2,79,NOBLE20NA,NOBLE,2019-01-09,1.890410959,BBB-,PROP
327604,3,15,PL232A,PL,2019-01-09,4.126027397,A-,FIN
327755,2,13,PTTC20NA,PTTC,2019-01-09,1.849315069,AAA,ENERG
328069,0,1,SAWAD202A,SAWAD,2019-01-09,1.065753425,BBB,FIN
328432,2,57,SINGER20OA,SINGER,2019-01-09,1.7780821919999998,BBB-,COMM
328803,2,25,WHAUP216A,WHAUP,2019-01-09,2.460273973,A-,ENERG
328939,2,38,WHAUP236A,WHAUP,2019-01-09,4.4602739730000005,A-,ENERG
329091,2,30,SIRI197A,SIRI,2019-01-09,0.526027397,BBB+,PROP
329163,1,50,THAI246A,THAI,2019-01-09,5.454794521,A,TRANS
329229,1,58,THAI308A,THAI,2019-01-09,11.60547945,A,TRANS
329261,2,21,ANAN222A,ANAN,2019-01-09,3.1369863010000003,BBB,PROP
329357,3,49,CPALL278A,CPALL,2019-01-09,8.608219177999999,A-,COMM
329388,0,76,MINT329A,MINT,2019-01-09,13.72328767,A,FOOD
329413,1,7,SCC248A,SCC,2019-01-09,5.64109589,A+,CONMAT
329654,1,43,TOP213A,TOP,2019-01-09,2.169863014,AA-,ENERG
329901,4,10,TPIPL228A,TPIPL,2019-01-09,3.5698630139999996,BBB+,CONMAT
330188,3,51,TCAP22NA,TCAP,2019-01-09,3.865753425,A+,BANK
330331,1,45,THAI215A,THAI,2019-01-09,2.3397260269999998,A,TRANS
330474,1,35,THAI252A,THAI,2019-01-09,6.139726027000001,A,TRANS
330617,1,65,THAI326A,THAI,2019-01-09,13.46027397,A,TRANS
330760,3,15,THANI217B,THANI,2019-01-09,2.506849315,A-,FIN
331030,2,18,TTW202A,TTW,2019-01-09,1.073972603,AA-,ENERG
331301,2,21,ANAN19OB,ANAN,2019-01-09,0.736986301,BBB,PROP
331442,3,31,ASK197A,ASK,2019-01-09,0.550684932,BBB+,FIN
331588,2,14,BDMS222A,BDMS,2019-01-09,3.082191781,AA-,HELTH
331787,0,73,CPALL26DA,CPALL,2019-01-09,7.964383562,A,COMM
332159,3,46,ACAP193A,ACAP,2019-01-09,0.16164383599999999,BB,FIN
332179,1,26,AH237A,AH,2019-01-09,4.542465753,BBB+,AUTO
332293,2,41,PRIN197A,PRIN,2019-01-09,0.509589041,BB+,PROP
332608,2,4,LH253A,LH,2019-01-09,6.15890411,A+,PROP
332694,1,50,THAI226A,THAI,2019-01-09,3.452054795,A,TRANS
332839,1,5,WHA247A,WHA,2019-01-09,5.55890411,A-,PROP
333470,3,29,CPALL22NA,CPALL,2019-01-09,3.8904109589999996,A,COMM
333496,1,0,THCOM21OA,THCOM,2019-01-09,2.728767123,A-,ICT
333635,0,22,CENTEL203A,CENTEL,2019-01-09,1.219178082,A,TOURISM
334320,1,32,GRAND216A,GRAND,2019-01-09,2.446575343,BB+,TOURISM
334726,2,87,PTG197A,PTG,2019-01-09,0.490410959,BBB+,ENERG
334861,2,75,PTTC10DA,PTTC,2019-01-09,91.95342466,AAA,ENERG
334999,2,27,ROJNA213A,ROJNA,2019-01-09,2.205479452,BBB+,PROP
335442,3,74,TK19NA,TK,2019-01-09,0.8246575340000001,A-,FIN
335466,2,37,AP218A,AP,2019-01-09,2.602739726,A-,PROP
335490,3,67,TMT214A,TMT,2019-01-09,2.235616438,BBB,STEEL
335555,2,18,TOP193A,TOP,2019-01-09,0.167123288,AA-,ENERG
336446,2,25,BGRIM20OA,BGRIM,2019-01-09,1.775342466,A-,ENERG
336598,2,79,RML199A,RML,2019-01-09,0.6958904109999999,BBB-,PROP
336675,1,45,THAI218A,THAI,2019-01-09,2.6,A,TRANS
336745,1,35,THAI26DA,THAI,2019-01-09,7.956164384,A,TRANS
336906,2,25,WHAUP208B,WHAUP,2019-01-09,1.583561644,A-,ENERG
336926,2,21,ANAN205A,ANAN,2019-01-09,1.38630137,BBB,PROP
336952,3,49,CPALL288A,CPALL,2019-01-09,9.632876712,A-,COMM
337240,0,2,CPF198B,CPF,2019-01-09,0.55890411,A+,FOOD
337278,1,32,GRAND201A,GRAND,2019-01-09,1.035616438,BB+,TOURISM
337322,3,15,THANI212A,THANI,2019-01-09,2.098630137,A-,FIN
337356,3,15,TK202A,TK,2019-01-09,1.134246575,A-,FIN
337581,2,79,GLAND209A,GLAND,2019-01-09,1.660273973,BBB-,PROP
337823,1,32,GRAND206A,GRAND,2019-01-09,1.449315069,BB+,TOURISM
337953,2,25,IRPC215A,IRPC,2019-01-09,2.328767123,A-,ENERG
338094,4,62,ITD199A,ITD,2019-01-09,0.684931507,BBB-,CONS
338237,1,47,IVL206A,IVL,2019-01-09,1.463013699,AA-,PETRO
338380,1,42,IVL22DA,IVL,2019-01-09,3.928767123,AA-,PETRO
338523,1,53,IVL31OA,IVL,2019-01-09,12.78356164,AA-,PETRO
338666,2,72,JMART213B,JMART,2019-01-09,2.219178082,BBB,ICT
339265,1,7,SCCC275A,SCCC,2019-01-09,8.331506849,A,CONMAT
339489,1,35,THAI259A,THAI,2019-01-09,6.726027397,A,TRANS
339632,3,15,THANI209A,THANI,2019-01-09,1.682191781,A-,FIN
340412,3,74,THANI198A,THANI,2019-01-09,0.556164384,A-,FIN
340427,2,41,PRIN207A,PRIN,2019-01-09,1.5232876709999998,BB+,PROP
340455,2,57,SINGER194A,SINGER,2019-01-09,0.298630137,BBB-,COMM
340501,3,15,TK218A,TK,2019-01-09,2.602739726,A-,FIN
340608,1,23,GUNKUL19OA,GUNKUL,2019-01-09,0.739726027,BBB,ENERG
341254,1,55,WHA197A,WHA,2019-01-09,0.553424658,A-,PROP
341561,2,12,BANPU247A,BANPU,2019-01-09,5.484931507000001,A+,ENERG
341928,0,54,LHFG20NA,LHFG,2019-01-09,1.852054795,BBB+,BANK
341970,2,27,ROJNA22OA,ROJNA,2019-01-09,3.7397260269999997,BBB+,PROP
342008,2,30,SIRI194B,SIRI,2019-01-09,0.271232877,BBB+,PROP
342742,1,48,MAJOR229A,MAJOR,2019-01-09,3.673972603,A,MEDIA
342791,2,41,MJD204A,MJD,2019-01-09,1.2493150690000001,BB+,PROP
342884,2,6,SGP232A,SGP,2019-01-09,4.136986301,A+,ENERG
342995,1,65,THAI338A,THAI,2019-01-09,14.60821918,A,TRANS
343211,1,50,BEM249A,BEM,2019-01-09,5.6630136989999995,A,TRANS
343554,3,78,TCAP196A,TCAP,2019-01-09,0.454794521,A+,BANK
343570,2,18,BANPU207A,BANPU,2019-01-09,1.498630137,A+,ENERG
343607,0,8,FNS231A,FNS,2019-01-09,4.008219178,BBB-,FIN
343646,2,27,LALIN218A,LALIN,2019-01-09,2.561643836,BBB+,PROP
343686,1,23,SUPER204A,SUPER,2019-01-09,1.2356164379999999,BBB-,ENERG
343722,3,74,THANI194A,THANI,2019-01-09,0.22739726,A-,FIN
343816,3,74,THANI194B,THANI,2019-01-09,0.287671233,A-,FIN
343835,3,74,THANI197C,THANI,2019-01-09,0.539726027,A-,FIN
343878,4,10,TPIPL214B,TPIPL,2019-01-09,2.293150685,BBB+,CONMAT
343918,4,10,TPIPL234A,TPIPL,2019-01-09,4.224657533999999,BBB+,CONMAT
344142,2,79,GLAND20NB,GLAND,2019-01-09,1.8328767119999998,BBB-,PROP
344275,2,27,GOLD232A,GOLD,2019-01-09,4.120547945,BBB+,PROP
344413,1,32,GRAND20OA,GRAND,2019-01-09,1.775342466,BB+,TOURISM
344543,0,11,HMPRO212A,HMPRO,2019-01-09,2.104109589,AA-,COMM
344956,3,46,ACAP196A,ACAP,2019-01-09,0.468493151,BB,FIN
345003,1,50,BEM229A,BEM,2019-01-09,3.6602739730000002,A,TRANS
345029,0,2,CPF218A,CPF,2019-01-09,2.608219178,A+,FOOD
345071,3,90,MBK20DA,MBK,2019-01-09,1.969863014,A,PROP
345211,2,37,WHA214A,WHA,2019-01-09,2.295890411,A-,PROP
345897,2,79,NOBLE212A,NOBLE,2019-01-09,2.120547945,BBB-,PROP
346055,2,12,BANPU264A,BANPU,2019-01-09,7.22739726,A+,ENERG
346094,3,49,CPALL263A,CPALL,2019-01-09,7.189041096,A-,COMM
346140,2,30,GOLD205A,GOLD,2019-01-09,1.38630137,BBB+,PROP
346178,2,72,JMART19DA,JMART,2019-01-09,0.931506849,BBB,ICT
346217,2,13,PTTC21NA,PTTC,2019-01-09,2.8493150689999998,AAA,ENERG
346256,2,79,SENA202A,SENA,2019-01-09,1.082191781,BBB-,PROP
346294,3,15,THANI20DC,THANI,2019-01-09,1.920547945,A-,FIN
347495,1,0,THCOM19OA,THCOM,2019-01-09,0.7260273970000001,A-,ICT
347578,1,0,TRUE22NA,TRUE,2019-01-09,3.835616438,A-,ICT
347707,4,56,UMI197A,UMI,2019-01-09,0.509589041,BB,CONMAT
347774,1,26,AH196A,AH,2019-01-09,0.416438356,BBB+,AUTO
347794,2,37,AP20DA,AP,2019-01-09,1.95890411,A-,PROP
347802,3,31,ASK198A,ASK,2019-01-09,0.556164384,BBB+,FIN
347827,0,83,BAY211A,BAY,2019-01-09,2.046575343,AAA,BANK
347967,1,35,BEM25OA,BEM,2019-01-09,6.783561644,A,TRANS
347991,0,11,BJC206A,BJC,2019-01-09,1.4109589040000001,A+,COMM
348015,3,17,CPN228A,CPN,2019-01-09,3.57260274,AA,PROP
348057,2,21,ANAN20OA,ANAN,2019-01-09,1.739726027,BBB,PROP
348086,2,37,AP212A,AP,2019-01-09,2.101369863,A-,PROP
348125,1,60,CKP286A,CKP,2019-01-09,9.443835616,A-,ENERG
348201,3,28,CPALL193A,CPALL,2019-01-09,0.208219178,A,COMM
348222,2,12,EASTW256A,EASTW,2019-01-09,6.435616437999999,A+,ENERG
348344,2,41,MJD208A,MJD,2019-01-09,1.64109589,BB+,PROP
348377,2,93,PF21NA,PF,2019-01-09,2.8904109589999996,BB+,PROP
348417,1,24,SCCC205A,SCCC,2019-01-09,1.328767123,A,CONMAT
348456,3,15,THANI203A,THANI,2019-01-09,1.164383562,A-,FIN
348496,3,34,TTA221A,TTA,2019-01-09,3.02739726,BBB,TRANS
348520,0,1,JMT197A,JMT,2019-01-09,0.547945206,BBB,FIN
348545,3,51,TCAP258A,TCAP,2019-01-09,6.5835616439999995,A+,BANK
348611,4,10,TPIPL224A,TPIPL,2019-01-09,3.224657534,BBB+,CONMAT
349246,3,90,AMATA20OA,AMATA,2019-01-09,1.736986301,A,PROP
349281,1,55,AP203A,AP,2019-01-09,1.219178082,A-,PROP
349320,2,6,BCP214A,BCP,2019-01-09,2.252054795,A,ENERG
349363,1,50,BEM234A,BEM,2019-01-09,4.235616438,A,TRANS
349423,0,2,CPF218B,CPF,2019-01-09,2.561643836,A+,FOOD
349464,1,42,IVL21OA,IVL,2019-01-09,2.775342466,AA-,PETRO
349504,1,42,IVL236B,IVL,2019-01-09,4.410958904,AA-,PETRO
